word_id,word,gramatica,defini,en,eo,es,fr,capital,nota,vide,orijina,tasonomia,pronuncia,simbol,usa,an,da,de,gl,he,mt,ru
286,amfi-,prefisa tecnical,ambos,amphi-,NA,NA,amphi-,NA,NA,NA,de elinica amphi- (ambos,NA,NA,NA,NA,NA,NA,NA,NA,he: (סיומת טכנית) שני הצדדים,NA,NA
2406,cuatri-,prefisa tecnical,un cuatri de,quarter-,NA,NA,quart,NA,NA,NA,NA,NA,NA,NA,NA,NA,NA,NA,NA,he: (קידומת טכנית) רבע,NA,NA
3733,foto-,prefisa tecnical,lus o fotografia,photo- (light,NA,NA,NA,NA,NA,NA,NA,NA,NA,NA,NA,NA,NA,NA,NA,NA,NA,NA
3874,-gama,sufisa ajetivo siensa-umana biolojia,sposi,-gamous,NA,NA,NA,NA,NA,NA,NA,NA,NA,NA,NA,NA,NA,NA,NA,NA,NA,NA
714,astro-,prefisa tecnical astronomia,stelas,astro-,NA,NA,astro-,NA,NA,NA,de elinica aster (stela),NA,NA,NA,NA,NA,NA,NA,NA,he: (קידומת טכנית) שקשור לכוכבים,NA,NA
320,-an,sufisa nom,nominte un abitor o lingua de un rejion spesifada,-an,NA,NA,-ain,NA,NA,NA,NA,NA,NA,NA,NA,NA,NA,NA,NA,he: (סיומת) אדם ששייך לעם או דובר השפה,NA,NA
2949,-edro,sufisa nom matematica,nominte solidas jeometrial,-hedron (geometric solid),NA,NA,-èdre (face d'un volume géométrique),NA,NA,NA,NA,NA,NA,NA,NA,NA,NA,NA,NA,he: (סיומת טכנית) צורה גאומטרית,NA,NA
7756,-s,sufisa,ajuntada per plurali un nom cual fini con un vocal,-s (plural of noun that ends in a vowel),NA,NA,NA,NA,NA,-es,NA,NA,NA,NA,gatos,NA,NA,NA,NA,NA,NA,NA
4701,jeo-,prefisa tecnical,tera,geo- (Earth),NA,NA,NA,NA,NA,NA,NA,NA,NA,NA,NA,NA,NA,NA,NA,NA,NA,NA
2310,crico-,prefisa tecnical anatomia medica,con forma de anelo,crico-,NA,NA,crico-,NA,NA,NA,NA,NA,NA,NA,NA,NA,NA,NA,NA,he: (קידומת טכנית) דמוי טבעת,NA,NA
640,-ase,sufisa nom cimica,enzima,-ase (enzyme),NA,NA,-ase (enzyme),NA,NA,NA,NA,NA,NA,NA,NA,NA,NA,NA,NA,he: (סיומת טכנית) אנזים,NA,NA
5876,nano-,prefisa tecnical,multe peti; {10^-9},nano- (tiny,NA,NA,NA,NA,NA,NA,NA,NA,NA,NA,NA,NA,NA,NA,NA,NA,NA,NA
2723,diplo-,prefisa tecnical,duple,diplo- (double),NA,NA,diplo- (double),NA,NA,NA,NA,NA,NA,NA,NA,NA,NA,NA,NA,he: (קידומת טכנית) כפול,NA,NA
4360,-in,sufisa ajetivo,ajuntada a un ajetivo o nom per formi un ajetivo descrivente un person o cosa con cualias o tendes simil,-ish,NA,NA,NA,NA,NA,NA,NA,NA,NA,NA,amin; serpentin,NA,NA,NA,NA,NA,NA,NA
3666,-fobia,sufisa nom siensa-umana,teme,-phobia (fear),NA,NA,NA,NA,NA,NA,NA,NA,NA,NA,NA,NA,NA,NA,NA,NA,NA,NA
3367,-eta,sufisa nom,ajuntada a un nom per nomi un varia plu peti,(smaller or simpler variant) -ette,NA,NA,NA,NA,NA,NA,NA,NA,NA,NA,caseta; gradeta; boveta; camiseta; sibileta,NA,NA,NA,NA,NA,NA,NA
1575,cardio-,prefisa tecnical medica,cor,cardio- (heart),NA,NA,cardio- (cœur),NA,NA,NA,NA,NA,NA,NA,NA,NA,NA,NA,NA,he: (קידומת טכנית) שקשור בלב,NA,NA
545,arci-,prefisa tecnical,xef,archi-,NA,archi-,archi-,NA,NA,NA,NA,NA,NA,NA,NA,NA,NA,NA,NA,he: (קידומת טכנית) ראשי,NA,NA
357,-andria,sufisa nom siensa-umana,mas,-andry,NA,NA,-andrie,NA,NA,NA,de elinica andr- (om),NA,NA,NA,NA,NA,NA,NA,NA,he: (סיומת טכנית) שקשור למין זכר,NA,NA
3100,endo-,prefisa tecnical,en,endo- (inside),NA,NA,NA,NA,NA,NA,NA,NA,NA,NA,NA,NA,NA,NA,NA,NA,NA,NA
3377,etero-,prefisa tecnical,diferente,hetero- (different),NA,NA,NA,NA,NA,NA,NA,NA,NA,NA,NA,NA,NA,NA,NA,NA,NA,NA
3451,-fajia,sufisa nom medica,come,-phagia,NA,NA,NA,NA,NA,NA,NA,NA,NA,NA,NA,NA,NA,NA,NA,NA,NA,NA
786,auto-,prefisa,ajuntante la idea de automati o de pertine a se mesma,auto-,NA,NA,auto- (préfixe),NA,NA,NA,de elinica autos (me mesma),NA,NA,NA,autopilote; autodestrui,NA,NA,NA,NA,he: (קידומת) אוטומציה; ביחס לעצמו,NA,NA
321,-an,sufisa nom cimica,idrocarbono saturada,-an (saturated hydrocarbon),NA,NA,-ane (hydrocarbure saturé),NA,NA,NA,NA,NA,NA,NA,NA,NA,NA,NA,NA,he: (סיומת טכנית) פחמימה רוויה,NA,NA
72,acua-,prefisa tecnical,acua,aqua-,NA,NA,aqua-,NA,NA,NA,NA,NA,NA,NA,NA,NA,NA,NA,NA,he: (קידומת) שקשור למים,NA,NA
9891,zo-,prefisa tecnical,animales,zoo- (animal),NA,NA,NA,NA,NA,NA,NA,NA,NA,NA,NA,NA,NA,NA,NA,NA,NA,NA
3338,estra-,prefisa tecnical,a estra,extra- (outer,NA,NA,NA,NA,NA,NA,NA,NA,NA,NA,NA,NA,NA,NA,NA,NA,NA,NA
5,-a,sufisa nom,ajuntada a alga nomes mas con la coda `-o` per nomi la fema corespondente; ajuntada a la nom de un arbor con la coda `-o` per formi la nom de sua fruta o noza,female; fruit,NA,femenino,féminin,NA,NA,-o,NA,NA,NA,NA,tio/tia; pero/pera; oranio/orania,NA,NA,NA,NA,he: (סיומת) הצורה הנקבית (במילים מסוימות),NA,NA
2601,des-,prefisa verbo,ajuntada a un verbo per nomi la reversa de un ata,dis-,NA,NA,dé-,NA,`Des-` simpli a `de-` ante S,NA,NA,NA,NA,NA,descarga; dejela,NA,NA,NA,NA,he: (קידומת) הפעולה ההפוכה,NA,NA
3445,fago-,prefisa tecnical,come,phago- (eating),NA,NA,NA,NA,NA,NA,NA,NA,NA,NA,NA,NA,NA,NA,NA,NA,NA,NA
4218,-ia,sufisa nom,ajuntada a un ajetivo o nom per nomi la cualia astrata de es tal; ajuntada a nomes de postos (e cosas simil) per nomi la estende de la posto en tempo o spasio,-ness,NA,NA,NA,NA,NA,NA,NA,NA,NA,NA,felisia; en mea enfantia; la jornal de la bispia,NA,NA,NA,NA,NA,NA,NA
758,-atresia,sufisa nom medica,la asentia,-atresia (medical),NA,NA,-atrésie (médecine),NA,NA,NA,de elinica a- (sin) tresis (perfora),NA,NA,NA,NA,NA,NA,NA,NA,he: (סיומת טכנית) חסימה של פתח בגוף,NA,NA
98,-ador,sufisa nom util,ajuntada per nomi un macina o util (o,-er (tool,-ilo,NA,-ateur,NA,NA,NA,NA,NA,NA,NA,computador; cloador; silentador; inibador,NA,NA,NA,NA,he: (סיומת) מכשיר או כלי,NA,NA
518,aracno-,prefisa tecnical,arania,arachno- (spider),NA,NA,arachno-,NA,NA,NA,NA,NA,NA,NA,NA,NA,NA,NA,NA,he: (קידומת טכנית) שקשור לעכבישים,NA,NA
3230,eritro-,prefisa tecnical,roja,erythro- (red),NA,NA,NA,NA,NA,NA,NA,NA,NA,NA,NA,NA,NA,NA,NA,NA,NA,NA
1209,bon-,prefisa,ajuntada a un verbo per formi un verbo per un ata plu bon,good-,NA,NA,NA,NA,NA,NA,NA,NA,NA,NA,bonodori; bondise,NA,NA,NA,NA,he: (קידומת) בצורה טובה,NA,NA
3254,esa-,prefisa tecnical,ses,hex- (six),NA,NA,NA,NA,NA,NA,NA,NA,NA,NA,NA,NA,NA,NA,NA,NA,NA,NA
358,andro-,prefisa tecnical siensa-umana,mas,andro- (male),NA,NA,andro-,NA,NA,NA,de elinica andr- (om),NA,NA,NA,NA,NA,NA,NA,NA,he: (קידומת טכנית) שקשור למין זכר,NA,NA
2527,deca-,prefisa tecnical,(un mesura) multiplida par 10,deca- (ten),NA,NA,déca- (dix),NA,NA,NA,NA,NA,NA,NA,NA,NA,NA,NA,NA,(קידומת טכנית) עשר,NA,ru: приставка со значением десятикратного увеличения
1657,cata-,prefisa tecnical,a su,cata-,NA,NA,cata- (vers le bas),NA,NA,NA,NA,NA,NA,NA,NA,NA,NA,NA,NA,he: (קידומת טכנית) כלפי מטה,NA,NA
623,artro-,prefisa tecnical,juntas de corpo,arthro-,NA,NA,arthro-,NA,NA,NA,de elinica arthron (junta),NA,NA,NA,NA,NA,NA,NA,NA,he: (סיומת טכנית) שקשור למפרקים,NA,NA
6092,-o,sufisa nom,ajuntada a alga nomes fema con la coda `-a` per nomi la mas corespondente; ajuntada a la nom de un fruta con la coda `-a` per nomi sua arbor,male; tree,NA,NA,NA,NA,NA,NA,NA,NA,NA,NA,ava/avo; poma/pomo,NA,NA,NA,NA,NA,NA,NA
2735,dis-,prefisa tecnical,mal,dys- (bad,NA,NA,dys- (mal,NA,NA,NA,NA,NA,NA,NA,NA,NA,NA,NA,NA,he: (קידומת טכנית) רע,NA,NA
5882,narco-,prefisa tecnical,nonsensosa,narco- (stupor),NA,NA,NA,NA,NA,NA,NA,NA,NA,NA,NA,NA,NA,NA,NA,NA,NA,NA
2148,coraco-,prefisa tecnical anatomia medica,oncin,coraco-,NA,NA,coraco- (en crochet,NA,NA,NA,NA,NA,NA,NA,NA,NA,NA,NA,NA,he: (קידומת טכנית) דמוי קרס,NA,NA
2324,cripto-,prefisa tecnical,secreta,crypto-,NA,NA,crypto-,NA,NA,NA,NA,NA,NA,NA,NA,NA,NA,NA,NA,he: (קידומת טכנית) סודי,NA,NA
3294,eso-,prefisa tecnical,estra,eso-,NA,NA,NA,NA,NA,NA,NA,NA,NA,NA,NA,NA,NA,NA,NA,NA,NA,NA
3031,emato-,prefisa tecnical medica,sangue,hemato-|ae (blood),NA,NA,hémato- (sang),NA,NA,NA,NA,NA,NA,NA,NA,NA,NA,NA,NA,he: (קידומת טכנית) דם,NA,NA
1064,bi-,prefisa tecnical,a du veses,bi-,NA,NA,bi-,NA,NA,NA,NA,NA,NA,NA,NA,NA,NA,NA,NA,he: (קידומת טכנית) פעמיים,NA,NA
3153,-ente,sufisa ajetivo,ajuntada a un verbo per formi la partisipio ativa,-ing,NA,NA,NA,NA,Esta varia de `-nte` es usada sola con la verbo `es`. :: This variant of `-nte` is only used with the verb `es`.,NA,NA,NA,NA,NA,esente,NA,NA,NA,NA,NA,NA,NA
400,anjio-,prefisa tecnical medica,dutos sangual,angio- (blood vessels),NA,NA,angio- (vaisseaux sanguins),NA,NA,NA,de elinica angeion (vaso,NA,NA,NA,NA,NA,NA,NA,NA,he: (קידומת טכנית) שקשור לכלי הדם,NA,NA
3252,-es,sufisa ajetivo,ajuntada a un nom jeografial per formi un ajetivo pertinente a la loca,-ese,NA,NA,NA,NA,NA,-an,NA,NA,NA,NA,nederlandes,NA,NA,NA,NA,NA,NA,NA
753,-ato,sufisa nom cimica,un sal de un asida de cual sua nom fini con `-ica`,-ate (chemistry),NA,NA,-ate (suffixe ; chimie),NA,NA,NA,NA,NA,NA,NA,NA,NA,NA,NA,NA,he: (סיומת טכנית) מלח,NA,NA
3686,fono-,prefisa tecnical fisica arte util,sona,phono-,NA,NA,NA,NA,NA,NA,NA,NA,NA,NA,NA,NA,NA,NA,NA,NA,NA,NA
3255,-esa,sufisa nom,ajuntada a un nom per crea un titulo formal per un fem,-ess (formal female title),NA,NA,NA,NA,NA,NA,NA,NA,NA,NA,prinsesa,NA,NA,NA,NA,NA,NA,NA
1754,cilo-,prefisa tecnical,(un mesura) multiplida par 1000,kilo-,NA,NA,kilo- (mille),NA,NA,NA,NA,NA,NA,NA,NA,NA,NA,NA,NA,he: (קידומת טכנית) קילו-,NA,NA
2922,ecto-,prefisa tecnical,estra,ecto- (outside),NA,NA,ecto- (dehors),NA,NA,NA,NA,NA,NA,NA,NA,NA,NA,NA,NA,he: (קידומת טכנית) חיצוני,NA,NA
3399,eu-,prefisa tecnical,bon,eu- (good),NA,NA,NA,NA,NA,NA,NA,NA,NA,NA,NA,NA,NA,NA,NA,NA,NA,NA
540,arceo-,prefisa tecnical,antica,archeo-|ae,NA,NA,archéo-,NA,NA,NA,NA,NA,NA,NA,NA,NA,NA,NA,NA,he: (קידומת טכנית) עתיק,NA,NA
213,alo-,prefisa tecnical,otra,allo- (other),NA,NA,allo-,NA,NA,NA,NA,NA,NA,NA,NA,NA,NA,NA,NA,he: (קידומת טכנית) אחר או נוסף,NA,NA
3701,-foria,sufisa nom siensa-umana medica,senti o emosia,-phoria (feeling),NA,NA,NA,NA,NA,NA,NA,NA,NA,NA,NA,NA,NA,NA,NA,NA,NA,NA
3703,-forma,sufisa ajetivo biolojia medica matematica,con forma de,-form,NA,NA,NA,NA,NA,NA,NA,NA,NA,NA,NA,NA,NA,NA,NA,NA,NA,NA
3251,es-,prefisa tecnical,estra,ex- (outside),NA,NA,NA,NA,NA,NA,NA,NA,NA,NA,NA,NA,NA,NA,NA,NA,NA,NA
1364,but-,prefisa tecnical cimica,nominte alcanos e otra idrocarbonos con cuatro atomes de carbono,but- (chemistry),NA,NA,but- (chimie,NA,NA,NA,NA,NA,NA,NA,NA,NA,NA,NA,NA,he: (קידומת טכנית) אלקן בעל 4 אטומי פחמן,NA,NA
209,-aljia,sufisa nom medica,dole,-algia (pain),NA,NA,-algie,NA,NA,NA,de elinica algos (dole),NA,NA,NA,NA,NA,NA,NA,NA,he: (סיומת טכנית) שקשור לכאב,NA,NA
3055,emi-,prefisa tecnical,dui,hemi-,NA,NA,semi-,NA,NA,semi-,NA,NA,NA,NA,NA,NA,NA,NA,NA,he: (קידומת טכנית) חצי,NA,NA
491,apo-,prefisa tecnical,a via de,apo-,NA,NA,apo- (préfixe),NA,NA,NA,NA,NA,NA,NA,NA,NA,NA,NA,NA,he: (קידומת טכנית) מ-,NA,NA
3678,-fon,sufisa nom fisica arte util,sona,-phone (sound),NA,NA,NA,NA,NA,NA,NA,NA,NA,NA,NA,NA,NA,NA,NA,NA,NA,NA
3685,-fonia,sufisa nom fisica arte medica,sona o vose,-phony (sound),NA,NA,NA,NA,NA,NA,NA,NA,NA,NA,NA,NA,NA,NA,NA,NA,NA,NA
1570,-cardia,sufisa nom medica,cor,-cardia (heart),NA,NA,-cardie (cœur),NA,NA,NA,NA,NA,NA,NA,NA,NA,NA,NA,NA,he: (סיומת טכנית) שקשור בלב,NA,NA
2402,cuasi-,prefisa tecnical,cuasi,quasi-,NA,NA,quasi-,NA,NA,NA,NA,NA,NA,NA,NA,NA,NA,NA,NA,he: (קידומת טכנית) קרוב ל,NA,NA
2406,cuatro-,prefisa tecnical,cuatro,quadr-,NA,NA,quadr-,NA,NA,NA,NA,NA,NA,NA,NA,NA,NA,NA,NA,he: (קידומת טכנית) ארבע,NA,NA
4680,-jen,sufisa ajetivo medica biolojia siensa-umana,produinte o produida par; pertinente a jenes,-genic (producing),NA,NA,NA,NA,NA,NA,NA,NA,NA,NA,NA,NA,NA,NA,NA,NA,NA,NA
3052,-emese,sufisa nom medica,vomiti,-emesis (vomiting),NA,NA,-émèse (vomir),NA,NA,NA,NA,NA,NA,NA,NA,NA,NA,NA,NA,he: (סיומת טכנית) הקאה,NA,NA
447,antropo-,prefisa tecnical,umanas,anthropo-,NA,NA,anthropo-,NA,NA,NA,de elinica anthropos (umana),NA,NA,NA,NA,NA,NA,NA,NA,he: (סיומת טכנית) שקשור בבני אדם,NA,NA
1246,braci-,prefisa tecnical,corta,brachy- (short),NA,NA,brachy- (court),NA,NA,NA,NA,NA,NA,NA,NA,NA,NA,NA,NA,he: (קידומת טכנית) קצר,NA,NA
3365,eta-,prefisa tecnical,sete,hepta- (seven),NA,NA,NA,NA,NA,NA,NA,NA,NA,NA,NA,NA,NA,NA,NA,NA,NA,NA
2924,-ectomia,sufisa nom medica,estrae sirurjial,-ectomy (surgery),NA,NA,-ectomie (chirurgie),NA,NA,NA,NA,NA,NA,NA,NA,NA,NA,NA,NA,he: (סיומת טכנית) הסרה בניתוח,NA,NA
3223,-eria,sufisa nom,ajuntada a un verbo,-ery,NA,NA,NA,NA,NA,NA,NA,NA,NA,NA,refineria; paneria; monceria; beleria,NA,NA,NA,NA,NA,NA,NA
2353,cromo-,prefisa tecnical,color,chromo-,NA,NA,chromo-,NA,NA,NA,NA,NA,NA,NA,NA,NA,NA,NA,NA,he: (קידומת טכנית) צבע,NA,NA
309,amnio-,prefisa tecnical medica,amnio,amnio-,NA,NA,amnio-,NA,NA,NA,de elinica amnos (amnio),NA,NA,NA,NA,NA,NA,NA,NA,he: (קידומת טכנית) ששייך לשפיר,NA,NA
2314,-crin,sufisa ajetivo biolojia medica,secrete,-crine (secreting),NA,NA,-crine (sécrétion),NA,NA,NA,NA,NA,NA,NA,NA,NA,NA,NA,NA,he: (סיומת טכנית) מפריש,NA,NA
2646,di-,prefisa tecnical,du,di- (two),NA,NA,di- (deux),NA,NA,NA,NA,NA,NA,NA,NA,NA,NA,NA,NA,he: (קידומת טכנית) שניים,NA,NA
266,ambi-,prefisa tecnical,ambos,ambi-,NA,NA,ambi-,NA,NA,NA,de latina ambi- (ambos),NA,NA,NA,NA,NA,NA,NA,NA,he: (סיומת טכנית) שני הצדדים,NA,NA
20,-able,sufisa ajetivo,ajuntada a un verbo transitiva per formi un ajetivo descrivente un person o cosa a cual on pote fa la ata,-able,-ebla,-able,-able,NA,NA,NA,NA,NA,NA,NA,comable; lejable; lodable; notable; vidable,NA,NA,NA,NA,he: (סיומת) ניתן ל,NA,NA
2567,demo-,prefisa tecnical,popla,demo- (people),NA,NA,démo- (peuple),NA,NA,NA,NA,NA,NA,NA,NA,NA,NA,NA,NA,he: (קידומת טכנית) אוכלוסייה,NA,NA
3600,filo-,prefisa tecnical,ama de,philo- (love),NA,NA,NA,NA,NA,NA,NA,NA,NA,NA,NA,NA,NA,NA,NA,NA,NA,NA
322,ana-,prefisa tecnical cimica biolojia,a supra,ana-,NA,NA,ana-,NA,NA,NA,de elinica ana- (a supra),NA,NA,NA,NA,NA,NA,NA,NA,he: (קידומת טכנית) שוב,NA,NA
2921,ecto-,prefisa tecnical,(un mesura) multiplida par 100,hecto- (hundred),NA,NA,hecto- (cent),NA,NA,NA,NA,NA,NA,NA,NA,NA,NA,NA,NA,he: (קידומת טכנית) מאה,NA,NA
425,anti-,prefisa,ajuntada a ajetivos e nomes per formi ajetivos de oposa o ataca,anti- (opposition),NA,NA,anti-,NA,NA,NA,de elinica anti- (contra),NA,NA,NA,antisosial; antiavional; antifungal; antieroe; antiproton,NA,NA,NA,NA,he: (קידומת) נגד,NA,NA
2357,crono-,prefisa tecnical,tempo,chrono-,NA,NA,chrono-,NA,NA,NA,NA,NA,NA,NA,NA,NA,NA,NA,NA,he: (קידומת טכנית) זמן,NA,NA
3181,epi-,prefisa tecnical,sur,epi-,NA,NA,NA,NA,NA,NA,NA,NA,NA,NA,NA,NA,NA,NA,NA,NA,NA,NA
2909,eco-,prefisa tecnical,pertinente a ecolojia,eco-,NA,NA,éco-,NA,NA,NA,NA,NA,NA,NA,NA,NA,NA,NA,NA,he: (קידומת טכנית) שקשור באקולוגיה,NA,NA
3159,entre-,prefisa tecnical,entre,inter- (between),NA,NA,NA,NA,NA,NA,NA,NA,NA,NA,NA,NA,NA,NA,NA,NA,NA,NA
1849,co-,prefisa tecnical,con,co- (with,NA,NA,co- (avec,NA,NA,NA,NA,NA,NA,NA,NA,NA,NA,NA,NA,he: (קידומת טכנית) עם,NA,NA
3089,-en,sufisa nom cimica,idrocarbono nonsaturada,-ene (chemistry),NA,NA,NA,NA,NA,NA,NA,NA,NA,NA,NA,NA,NA,NA,NA,NA,NA,NA
4,a-,prefisa tecnical,non-,a-,NA,a-,a-,NA,NA,NA,de elenica a- (no,NA,NA,NA,NA,NA,NA,NA,NA,he: (סיומת טכנית) ללא,NA,NA
3252,-es,sufisa nom,nominte un abitor o lingua de un rejion spesifada,-ese,NA,NA,NA,NA,NA,NA,NA,NA,NA,NA,NA,NA,NA,NA,NA,NA,NA,NA
2929,ecui-,prefisa tecnical,egal,equi-,NA,NA,équi-,NA,NA,NA,NA,NA,NA,NA,NA,NA,NA,NA,NA,he: (קידומת טכנית) שווה,NA,NA
641,-ase,sufisa nom medica,maladia,-asis (medical),NA,NA,-ase (médecine),NA,NA,NA,NA,NA,NA,NA,NA,NA,NA,NA,NA,he: (סיומת טכנית) מחלה,NA,NA
2648,dia-,prefisa tecnical,tra,dia-,NA,NA,dia-,NA,NA,NA,NA,NA,NA,NA,NA,NA,NA,NA,NA,he: (קידומת טכנית) דרך,NA,NA
3531,femto-,prefisa tecnical,{10^-15},femto-,NA,NA,NA,NA,NA,NA,NA,NA,NA,NA,NA,NA,NA,NA,NA,NA,NA,NA
3061,emo-,prefisa tecnical medica biolojia,sangue,hemo-|ae (blood),NA,NA,hémo- (sang),NA,NA,NA,NA,NA,NA,NA,NA,NA,NA,NA,NA,he: (קידומת טכנית) דם,NA,NA
1249,bradi-,prefisa tecnical,lenta,brady- (slow),NA,NA,brady- (lent),NA,NA,NA,NA,NA,NA,NA,NA,NA,NA,NA,NA,he: (קידומת טכנית) לאט,NA,NA
3367,-eta,sufisa verbo,ajuntada a un verbo per formi un otra verbo indicante la mesma ata en modo min intensa,(weaker variant) -le,NA,NA,NA,NA,NA,NA,NA,NA,NA,NA,pluveta,NA,NA,NA,NA,NA,NA,NA
510,apto-,prefisa tecnical,juntante,hapto- (attachment),NA,NA,hapto- (préfixe),NA,NA,NA,NA,NA,NA,NA,NA,NA,NA,NA,NA,he: (קידומת טכנית) צמוד,NA,NA
395,aniso-,prefisa tecnical,diferente,aniso- (unequal),NA,NA,aniso- (inégal),NA,NA,NA,de elinica anisos (nonegal),NA,NA,NA,NA,NA,NA,NA,NA,he: (קידומת טכנית) שונה,NA,NA
2488,-da,sufisa ajetivo,ajuntada a un verbo per formi la partisipio pasiva,-ed,NA,-ado,-é|-ée,NA,La partisipio pasiva es un ajetivo cual indica ce on fa (o ia fa) la ata de la verbo a la person o cosa cual la partisipio descrive (un mesaje ascondeda es un mesaje cual on ia asconde). On usa lo ance como un nom,NA,NA,NA,NA,NA,ascondeda; tu ia asconde un mesaje e me ia trova tua mesaje ascondeda; la mesaje ia es ascondeda,NA,NA,NA,NA,he: (סיומת) בינוני פעול (צורות פעול,NA,NA
4687,-jenese,sufisa nom medica biolojia siensa-umana,causa o orijina,-genesis (origin),NA,NA,NA,NA,NA,NA,NA,NA,NA,NA,NA,NA,NA,NA,NA,NA,NA,NA
2818,dolico-,prefisa tecnical,longa,dolicho- (long),NA,NA,dolicho- (long),NA,NA,NA,NA,NA,NA,NA,NA,NA,NA,NA,NA,he: (קידומת טכנית) ארוך,NA,NA
1101,bio-,prefisa tecnical,vive e organismes,bio-,NA,NA,bio- (relatif au vivant),NA,NA,NA,NA,NA,NA,NA,NA,NA,NA,NA,NA,he: (קידומת טכנית) ביו-,NA,NA
320,-an,sufisa ajetivo,ajuntada a un nom jeografial per formi un ajetivo pertinente a la loca,-an,NA,NA,-ain,NA,NA,-es,NA,NA,NA,NA,italian; suburban; victorian,NA,NA,NA,NA,he: (סיומת) ששייך למקום או לעם,NA,NA
8739,taci-,prefisa tecnical,rapida,tachy- (rapid),NA,NA,NA,NA,NA,NA,NA,NA,NA,NA,NA,NA,NA,NA,NA,NA,NA,NA
3623,-fise,sufisa nom medica,crese,-physis (growth),NA,NA,NA,NA,NA,NA,NA,NA,NA,NA,NA,NA,NA,NA,NA,NA,NA,NA
752,ato-,prefisa tecnical,{10^-18},atto-,NA,NA,NA,NA,NA,NA,NA,NA,NA,NA,NA,NA,NA,NA,NA,NA,NA,NA
1834,cloro-,prefisa tecnical,verde,chloro-,NA,NA,chloro- (chimie),NA,NA,NA,NA,NA,NA,NA,NA,NA,NA,NA,NA,he: (קידומת טכנית) ירוק,NA,NA
486,aplo-,prefisa tecnical,solitar,haplo- (single),NA,NA,haplo- (simple),NA,NA,NA,NA,NA,NA,NA,NA,NA,NA,NA,NA,he: (קידומת טכנית) יחיד,NA,NA
4213,-i,sufisa verbo nontransitiva,ajuntada a un ajetivo o nom per formi un verbo nontransitiva per la ata de deveni tal,become,NA,NA,NA,NA,NA,NA,NA,NA,NA,NA,la acua profondi; la visitores grupi,NA,NA,NA,NA,NA,NA,NA
1939,com-,prefisa tecnical,con,com- (with,NA,NA,com- (avec,NA,NA,NA,NA,NA,NA,NA,NA,NA,NA,NA,NA,he: (קידומת טכנית) עם,NA,NA
1067,biblio-,prefisa tecnical,libros,biblio-,NA,NA,biblio- (relatif aux livres),NA,NA,NA,NA,NA,NA,NA,NA,NA,NA,NA,NA,he: (קידומת טכנית) שקשור בספרים,NA,NA
2600,desi-,prefisa tecnical,un desi de,deci- (a tenth),NA,NA,déci- (un dixième d'unité),NA,NA,NA,NA,NA,NA,NA,NA,NA,NA,NA,NA,he: (קידומת טכנית) עשירית,NA,NA
2879,dura-,prefisa tecnical,dur,dura- (hard),NA,NA,NA,NA,NA,NA,NA,NA,NA,NA,NA,NA,NA,NA,NA,he: (קידומת טכנית) קשה,NA,NA
421,ante-,prefisa tecnical,ante,ante-,NA,NA,anté-,NA,NA,NA,NA,NA,NA,NA,NA,NA,NA,NA,NA,he: (קידומת טכנית) לפני,NA,NA
3435,exa-,prefisa tecnical,{10^18},exa-,NA,NA,NA,NA,NA,NA,NA,NA,NA,NA,NA,NA,NA,NA,NA,NA,NA,NA
152,-agra,sufisa nom medica,dole subita,-agra (pain),NA,NA,NA,NA,NA,NA,NA,NA,NA,NA,NA,NA,NA,NA,NA,he: (סיומת טכנית) כאב פתאומי,NA,NA
3088,en-,prefisa tecnical,en,en-,NA,NA,NA,NA,NA,NA,NA,NA,NA,NA,NA,NA,NA,NA,NA,NA,NA,NA
3364,et-,prefisa tecnical cimica,nominte alcanos e otra idrocarbonos con du atomes de carbono,eth- (chemistry),NA,NA,NA,NA,NA,NA,NA,NA,NA,NA,NA,NA,NA,NA,NA,NA,NA,NA
3253,-es,sufisa,ajuntada per plurali un nom cual fini con un consonante,-s (plural of noun that ends in a consonant),NA,NA,NA,NA,NA,-s,NA,NA,NA,NA,canes,NA,NA,NA,NA,NA,NA,NA
2096,contra-,prefisa tecnical,contra,contra-,NA,NA,contra-,NA,NA,NA,NA,NA,NA,NA,NA,NA,NA,NA,NA,he: (קידומת טכנית) נגד,NA,NA
705,-astenia,sufisa nom medica,debilia,-asthenia,NA,NA,-asthénie,NA,NA,NA,NA,NA,NA,NA,NA,NA,NA,NA,NA,he: (סיומת טכנית) שקשור לחולשה,NA,NA
3056,-emia,sufisa nom medica,disturba medical de sangue,-emia|ae (blood),NA,NA,-émie,NA,NA,NA,NA,NA,NA,NA,NA,NA,NA,NA,NA,he: (סיומת טכנית) מחלת דם,NA,NA
2522,de-,prefisa tecnical,de,de-,NA,NA,dé-,NA,NA,NA,NA,NA,NA,NA,NA,NA,NA,NA,NA,(קידומת טכנית) מ-,NA,ru: (приставка соответствующая русским) от
3450,-faje,sufisa nom biolojia medica,comor,-phage (eater),NA,NA,NA,NA,NA,NA,NA,NA,NA,NA,NA,NA,NA,NA,NA,NA,NA,NA
3116,enea-,prefisa matematica,nove,ennea-,NA,NA,NA,NA,NA,NA,NA,NA,NA,NA,NA,NA,NA,NA,NA,NA,NA,NA
3591,-filia,sufisa nom siensa-umana,ama,-philia (love),NA,NA,NA,NA,NA,NA,NA,NA,NA,NA,NA,NA,NA,NA,NA,NA,NA,NA
1995,con-,prefisa tecnical,con,con- (with,NA,NA,con- (avec,NA,NA,NA,NA,NA,NA,NA,NA,NA,NA,NA,NA,he: (קידומת טכנית) עם,NA,NA
295,amil-,prefisa tecnical biolojia,amidon,amyl-,NA,NA,amyl-,NA,NA,NA,NA,NA,NA,NA,NA,NA,NA,NA,NA,he: (סיומת טכנית) שקשור לעמילן,NA,NA
4483,intro-,prefisa tecnical,en,NA,NA,NA,NA,NA,NA,NA,NA,NA,NA,NA,NA,NA,NA,NA,NA,NA,NA,NA
6555,-parese,sufisa nom medica,paralise partal,NA,NA,NA,NA,NA,NA,NA,NA,NA,NA,NA,NA,NA,NA,NA,NA,NA,NA,NA
3414,euri-,prefisa tecnical,larga,NA,NA,NA,NA,NA,NA,NA,NA,NA,NA,NA,NA,NA,NA,NA,NA,NA,NA,NA
4518,iota-,prefisa tecnical,{10^24},NA,NA,NA,NA,NA,NA,NA,NA,NA,NA,NA,NA,NA,NA,NA,NA,NA,NA,NA
5953,-nesia,sufisa nom tera,isolas,NA,NA,NA,NA,NA,NA,NA,NA,NA,NA,NA,NA,NA,NA,NA,NA,NA,NA,NA
6913,-plasia,sufisa nom medica,masa,NA,NA,NA,NA,NA,NA,NA,NA,NA,NA,NA,NA,NA,NA,NA,NA,NA,NA,NA
6115,-odinia,sufisa nom medica,indicante un dole,NA,NA,NA,NA,NA,NA,NA,NA,NA,NA,NA,NA,NA,NA,NA,NA,NA,NA,NA
7314,psico-,prefisa tecnical,mente,NA,NA,NA,NA,NA,NA,NA,NA,NA,NA,NA,NA,NA,NA,NA,NA,NA,NA,NA
6157,olo-,prefisa tecnical,intera,NA,NA,NA,NA,NA,NA,NA,NA,NA,NA,NA,NA,NA,NA,NA,NA,NA,NA,NA
9388,ultra-,prefisa tecnical,ultra,NA,NA,NA,NA,NA,NA,NA,NA,NA,NA,NA,NA,NA,NA,NA,NA,NA,NA,NA
8299,sirco-,prefisa tecnical,sirca,NA,NA,NA,NA,NA,NA,NA,NA,NA,NA,NA,NA,NA,NA,NA,NA,NA,NA,NA
7288,proto-,prefisa tecnical,prima,NA,NA,NA,NA,NA,NA,NA,NA,NA,NA,NA,NA,NA,NA,NA,NA,NA,NA,NA
4625,-ite,sufisa nom medica,maladia de inflama,NA,NA,NA,NA,NA,NA,NA,NA,NA,NA,NA,NA,NA,NA,NA,NA,NA,NA,NA
8071,-sentese,sufisa nom medica,perfora sirurjial per aspira licuida,NA,NA,NA,NA,NA,NA,NA,NA,NA,NA,NA,NA,NA,NA,NA,NA,NA,NA,NA
7947,-scopi,sufisa nom medica,esamina par vide,NA,NA,NA,NA,NA,NA,NA,NA,NA,NA,NA,NA,NA,NA,NA,NA,NA,NA,NA
4630,-ito,sufisa nom cimica,nominte sales o esteres de asidas con la coda `-osa`,NA,NA,NA,NA,NA,NA,NA,NA,NA,NA,NA,NA,NA,NA,NA,NA,NA,NA,NA
6395,paci-,prefisa tecnical,densa,NA,NA,NA,NA,NA,NA,NA,NA,NA,NA,NA,NA,NA,NA,NA,NA,NA,NA,NA
5039,-lise,sufisa nom cimica medica,descomposa o desintegra,NA,NA,NA,NA,NA,NA,NA,NA,NA,NA,NA,NA,NA,NA,NA,NA,NA,NA,NA
3960,giga-,prefisa,{10^9},NA,NA,NA,NA,NA,NA,NA,NA,NA,NA,NA,NA,NA,NA,NA,NA,NA,NA,NA
6717,peri-,prefisa tecnical,sirca,NA,NA,NA,NA,NA,NA,NA,NA,NA,NA,NA,NA,NA,NA,NA,NA,NA,NA,NA
7211,pro-,prefisa tecnical,acordante con,NA,NA,NA,NA,NA,NA,NA,NA,NA,NA,NA,NA,NA,NA,NA,NA,NA,NA,NA
6196,-on,sufisa nom,ajuntada a un nom per nomi un varia plu grande o un veste plu esterna,NA,NA,NA,NA,NA,NA,NA,NA,NA,NA,NA,cason; denton; jacon,NA,NA,NA,NA,NA,NA,NA
7153,-praxia,sufisa nom medica,ativia pratical,NA,NA,NA,NA,NA,NA,NA,NA,NA,NA,NA,NA,NA,NA,NA,NA,NA,NA,NA
4613,-iste,sufisa ajetivo,ajuntada a un nom per nomi un aderor de un sistem de crede o un person prejudosa,NA,NA,NA,NA,NA,NA,NA,NA,NA,NA,NA,femiste; otimiste; jeolojiste; gitariste; jornaliste; turiste,NA,NA,NA,NA,NA,NA,NA
7920,-sce,sufisa nom,nominte un abitor o lingua de un rejion o nasion,NA,NA,NA,NA,NA,NA,NA,NA,NA,NA,NA,NA,NA,NA,NA,NA,NA,NA,NA
9217,-tris,sufisa nom medica biolojia,capeles,NA,NA,NA,NA,NA,NA,NA,NA,NA,NA,NA,NA,NA,NA,NA,NA,NA,NA,NA
4216,-i,sufisa ajetivo,ajuntada a un nom jeografial per formi un ajetivo pertinente a la loca,NA,NA,NA,NA,NA,NA,-an,NA,NA,NA,NA,arabi,NA,NA,NA,NA,NA,NA,NA
7949,-scopio,sufisa nom util medica astronomia biolojia,strumento estendente la capasia de vide,NA,NA,NA,NA,NA,NA,NA,NA,NA,NA,NA,NA,NA,NA,NA,NA,NA,NA,NA
9436,-uple,sufisa nom,ajuntada a un numero per nomi un grupo con acel cuantia de membros,NA,NA,NA,NA,NA,NA,NA,NA,NA,NA,NA,NA,NA,NA,NA,NA,NA,NA,NA
8915,teo-,prefisa tecnical,Dio o dios,NA,NA,NA,NA,NA,NA,NA,NA,NA,NA,NA,NA,NA,NA,NA,NA,NA,NA,NA
7938,sclero-,prefisa tecnical medica,dur,NA,NA,NA,NA,NA,NA,NA,NA,NA,NA,NA,NA,NA,NA,NA,NA,NA,NA,NA
5045,-litica,sufisa,pertinente a petra,NA,NA,NA,NA,NA,NA,NA,NA,NA,NA,NA,NA,NA,NA,NA,NA,NA,NA,NA
5766,moto-,prefisa tecnical,motorida,NA,NA,NA,NA,NA,NA,NA,NA,NA,NA,NA,NA,NA,NA,NA,NA,NA,NA,NA
5249,-mania,sufisa nom siensa-umana medica,mania,NA,NA,NA,NA,NA,NA,NA,NA,NA,NA,NA,NA,NA,NA,NA,NA,NA,NA,NA
4227,-iase,sufisa nom medica,maladia,NA,NA,NA,NA,NA,NA,NA,NA,NA,NA,NA,NA,NA,NA,NA,NA,NA,NA,NA
6125,oftalmo-,prefisa tecnical medica,oios,NA,NA,NA,NA,NA,NA,NA,NA,NA,NA,NA,NA,NA,NA,NA,NA,NA,NA,NA
3996,-gloso,sufisa tecnical anatomia medica,con forma de lingua,NA,NA,NA,NA,NA,NA,NA,NA,NA,NA,NA,NA,NA,NA,NA,NA,NA,NA,NA
5926,nefro-,prefisa tecnical,renes,NA,NA,NA,NA,NA,NA,NA,NA,NA,NA,NA,NA,NA,NA,NA,NA,NA,NA,NA
8091,-sepse,sufisa nom medica,infeta,NA,NA,NA,NA,NA,NA,NA,NA,NA,NA,NA,NA,NA,NA,NA,NA,NA,NA,NA
6281,ornito-,prefisa tecnical biolojia,avia,NA,NA,NA,NA,NA,NA,NA,NA,NA,NA,NA,NA,NA,NA,NA,NA,NA,NA,NA
5741,morfo-,prefisa tecnical,forma,NA,NA,NA,NA,NA,NA,NA,NA,NA,NA,NA,NA,NA,NA,NA,NA,NA,NA,NA
8172,siber-,prefisa tecnical,redes de comunica eletronical e realia virtual,NA,NA,NA,NA,NA,NA,NA,NA,NA,NA,NA,NA,NA,NA,NA,NA,NA,NA,NA
9436,-uple,sufisa ajetivo,ajuntada a un numero per formi un ajetivo multiple,NA,NA,NA,NA,NA,NA,NA,NA,NA,NA,NA,duple,NA,NA,NA,NA,NA,NA,NA
7583,reti-,prefisa tecnical,reta,NA,NA,NA,NA,NA,NA,NA,NA,NA,NA,NA,NA,NA,NA,NA,NA,NA,NA,NA
5391,megalo-,prefisa tecnical,nonormal grande,NA,NA,NA,NA,NA,NA,NA,NA,NA,NA,NA,NA,NA,NA,NA,NA,NA,NA,NA
8562,stilo-,prefisa tecnical anatomia medica,con forma de pen o stilo,NA,NA,NA,NA,NA,NA,NA,NA,NA,NA,NA,NA,NA,NA,NA,NA,NA,NA,NA
5048,lito-,prefisa tecnical,petra,NA,NA,NA,NA,NA,NA,NA,NA,NA,NA,NA,NA,NA,NA,NA,NA,NA,NA,NA
5737,-morfe,sufisa ajetivo medica biolojia,forma,NA,NA,NA,NA,NA,NA,NA,NA,NA,NA,NA,NA,NA,NA,NA,NA,NA,NA,NA
5387,mega-,prefisa tecnical,grande; {10^6},NA,NA,NA,NA,NA,NA,NA,NA,NA,NA,NA,NA,NA,NA,NA,NA,NA,NA,NA
6185,omo-,prefisa tecnical,la mesma,NA,NA,NA,NA,NA,NA,NA,NA,NA,NA,NA,NA,NA,NA,NA,NA,NA,NA,NA
8343,sito-,prefisa tecnical,selula,NA,NA,NA,NA,NA,NA,NA,NA,NA,NA,NA,NA,NA,NA,NA,NA,NA,NA,NA
8521,-stalsia,sufisa nom medica,contrae,NA,NA,NA,NA,NA,NA,NA,NA,NA,NA,NA,NA,NA,NA,NA,NA,NA,NA,NA
9809,xilo-,prefisa tecnical,lenio,NA,NA,NA,NA,NA,NA,NA,NA,NA,NA,NA,NA,NA,NA,NA,NA,NA,NA,NA
4361,-in,sufisa nom cimica,idrocarbono nonsaturada,NA,NA,NA,NA,NA,NA,NA,NA,NA,NA,NA,NA,NA,NA,NA,NA,NA,NA,NA
4327,im-,prefisa,no,NA,NA,NA,NA,NA,NA,NA,NA,NA,NA,NA,NA,NA,NA,NA,NA,NA,NA,NA
9453,-uria,sufisa nom medica,urina,NA,NA,NA,NA,NA,NA,NA,NA,NA,NA,NA,NA,NA,NA,NA,NA,NA,NA,NA
8075,senti-,prefisa tecnical,divideda par 100,NA,NA,NA,NA,NA,NA,NA,NA,NA,NA,NA,NA,NA,NA,NA,NA,NA,NA,NA
6417,paleo-,prefisa tecnical,vea,NA,NA,NA,NA,NA,NA,NA,NA,NA,NA,NA,NA,NA,NA,NA,NA,NA,NA,NA
4642,-ivor,sufisa ajetivo biolojia,comente,NA,NA,NA,NA,NA,NA,NA,NA,NA,NA,NA,NA,NA,NA,NA,NA,NA,NA,NA
8615,su-,prefisa,su,NA,NA,NA,NA,NA,NA,NA,NA,NA,NA,NA,sutera; sudivide,NA,NA,NA,NA,NA,NA,NA
8925,tera-,prefisa tecnical,{10^12},NA,NA,NA,NA,NA,NA,NA,NA,NA,NA,NA,NA,NA,NA,NA,NA,NA,NA,NA
6147,oligo-,prefisa tecnical,con poca partes o membros,NA,NA,NA,NA,NA,NA,NA,NA,NA,NA,NA,NA,NA,NA,NA,NA,NA,NA,NA
8573,-stomia,sufisa nom medica,abri sirurjial,NA,NA,NA,NA,NA,NA,NA,NA,NA,NA,NA,NA,NA,NA,NA,NA,NA,NA,NA
5375,media-,prefisa,ajuntada a un nom de un periodo o estende per nomi la punto media,NA,NA,NA,NA,NA,NA,NA,NA,NA,NA,NA,mediadia,NA,NA,NA,NA,NA,NA,NA
8031,semi-,prefisa tecnical,dui,NA,NA,NA,NA,NA,NA,emi-,NA,NA,NA,NA,NA,NA,NA,NA,NA,NA,NA,NA
9779,xeno-,prefisa tecnical,stranjer,NA,NA,NA,NA,NA,NA,NA,NA,NA,NA,NA,NA,NA,NA,NA,NA,NA,NA,NA
7855,-sarcoma,sufisa nom medica,sarcoma,NA,NA,NA,NA,NA,NA,NA,NA,NA,NA,NA,NA,NA,NA,NA,NA,NA,NA,NA
7931,-scise,sufisa nom medica,fende,NA,NA,NA,NA,NA,NA,NA,NA,NA,NA,NA,NA,NA,NA,NA,NA,NA,NA,NA
6140,-ol,sufisa nom cimica,olios,NA,NA,NA,NA,NA,NA,NA,NA,NA,NA,NA,NA,NA,NA,NA,NA,NA,NA,NA
6971,-pnea,sufisa nom medica,respira,NA,NA,NA,NA,NA,NA,NA,NA,NA,NA,NA,NA,NA,NA,NA,NA,NA,NA,NA
6936,-plejia,sufisa nom medica,paralise,NA,NA,NA,NA,NA,NA,NA,NA,NA,NA,NA,NA,NA,NA,NA,NA,NA,NA,NA
6180,omni-,prefisa tecnical,tota,NA,NA,NA,NA,NA,NA,NA,NA,NA,NA,NA,NA,NA,NA,NA,NA,NA,NA,NA
4046,-grafia,sufisa nom arte matematica,la siensa de scrive o desinia,NA,NA,NA,NA,NA,NA,NA,NA,NA,NA,NA,NA,NA,NA,NA,NA,NA,NA,NA
4239,-ica,sufisa ajetivo medica,ajuntada a un nom de un maladia medical o psicolojial con la coda `-ia`,NA,NA,NA,NA,NA,NA,NA,NA,NA,NA,NA,alerjica,NA,NA,NA,NA,NA,NA,NA
7940,-sclerose,sufisa nom medica,duri nonormal,NA,NA,NA,NA,NA,NA,NA,NA,NA,NA,NA,NA,NA,NA,NA,NA,NA,NA,NA
6225,-opia,sufisa nom medica,maladia de oio,NA,NA,NA,NA,NA,NA,NA,NA,NA,NA,NA,NA,NA,NA,NA,NA,NA,NA,NA
6699,-pepsia,sufisa nom medica,dijesta,NA,NA,NA,NA,NA,NA,NA,NA,NA,NA,NA,NA,NA,NA,NA,NA,NA,NA,NA
5620,miso-,prefisa tecnical,odiosa,NA,NA,NA,NA,NA,NA,NA,NA,NA,NA,NA,NA,NA,NA,NA,NA,NA,NA,NA
4358,in-,prefisa,en,NA,NA,NA,NA,NA,NA,NA,NA,NA,NA,NA,NA,NA,NA,NA,NA,NA,NA,NA
8451,-spasma,sufisa nom medica,spasma,NA,NA,NA,NA,NA,NA,NA,NA,NA,NA,NA,NA,NA,NA,NA,NA,NA,NA,NA
8847,tecno-,prefisa tecnical,tecnolojia,NA,NA,NA,NA,NA,NA,NA,NA,NA,NA,NA,NA,NA,NA,NA,NA,NA,NA,NA
6306,-osa,sufisa nom cimica,zucar o otra carboidrato,NA,NA,NA,NA,NA,NA,NA,NA,NA,NA,NA,NA,NA,NA,NA,NA,NA,NA,NA
5686,mono-,prefisa tecnical,un,NA,NA,NA,NA,NA,NA,NA,NA,NA,NA,NA,NA,NA,NA,NA,NA,NA,NA,NA
6197,-on,sufisa nom fisica cimica,particula suatomal,NA,NA,NA,NA,NA,NA,NA,NA,NA,NA,NA,neutron; foton; codon; interferon,NA,NA,NA,NA,NA,NA,NA
9412,uni-,prefisa tecnical,un,NA,NA,NA,NA,NA,NA,NA,NA,NA,NA,NA,NA,NA,NA,NA,NA,NA,NA,NA
8859,tele-,prefisa tecnical,distante,NA,NA,NA,NA,NA,NA,NA,NA,NA,NA,NA,NA,NA,NA,NA,NA,NA,NA,NA
7461,-rea,sufisa nom medica,esflue (medical),NA,NA,NA,NA,NA,NA,NA,NA,NA,NA,NA,NA,NA,NA,NA,NA,NA,NA,NA
6383,ovi-,prefisa tecnical,ovo,NA,NA,NA,NA,NA,NA,NA,NA,NA,NA,NA,NA,NA,NA,NA,NA,NA,NA,NA
9231,-trofia,sufisa nom medica biolojia,xercante nuri,NA,NA,NA,NA,NA,NA,NA,NA,NA,NA,NA,NA,NA,NA,NA,NA,NA,NA,NA
8244,sin-,prefisa tecnical,con,NA,NA,NA,NA,NA,NA,NA,NA,NA,NA,NA,NA,NA,NA,NA,NA,NA,NA,NA
4216,-i,sufisa nom,nominte un abitor o lingua de un rejion spesifada,NA,NA,NA,NA,NA,NA,NA,NA,NA,NA,NA,NA,NA,NA,NA,NA,NA,NA,NA
8692,supra-,prefisa,supra,NA,NA,NA,NA,NA,NA,NA,NA,NA,NA,NA,suprasil; supraumana,NA,NA,NA,NA,NA,NA,NA
6915,-plasma,sufisa nom medica,masa,NA,NA,NA,NA,NA,NA,NA,NA,NA,NA,NA,NA,NA,NA,NA,NA,NA,NA,NA
9051,-tomia,sufisa nom medica,talia sirurjial,NA,NA,NA,NA,NA,NA,NA,NA,NA,NA,NA,NA,NA,NA,NA,NA,NA,NA,NA
7802,salpingo-,prefisa tecnical anatomia medica,con forma un trompeta,NA,NA,NA,NA,NA,NA,NA,NA,NA,NA,NA,NA,NA,NA,NA,NA,NA,NA,NA
7212,pro-,prefisa,a ante,NA,NA,NA,NA,NA,NA,NA,NA,NA,NA,NA,NA,NA,NA,NA,NA,NA,NA,NA
3996,gloso-,prefisa tecnical anatomia medica,con forma de lingua,NA,NA,NA,NA,NA,NA,NA,NA,NA,NA,NA,NA,NA,NA,NA,NA,NA,NA,NA
5485,meta-,prefisa tecnical,indicante un nivel plu alta o transendente; ance usada en modos diversa en termas tecnical,NA,NA,NA,NA,NA,NA,NA,NA,NA,NA,NA,NA,NA,NA,NA,NA,NA,NA,NA
5918,necro-,prefisa tecnical biolojia,mor,NA,NA,NA,NA,NA,NA,NA,NA,NA,NA,NA,NA,NA,NA,NA,NA,NA,NA,NA
4747,jineco-,prefisa tecnical,fema,NA,NA,NA,NA,NA,NA,NA,NA,NA,NA,NA,NA,NA,NA,NA,NA,NA,NA,NA
3981,glico-,prefisa tecnical,pertinente a o produinte zucar,NA,NA,NA,NA,NA,NA,NA,NA,NA,NA,NA,NA,NA,NA,NA,NA,NA,NA,NA
8078,sentri-,prefisa tecnical,sentral,NA,NA,NA,NA,NA,NA,NA,NA,NA,NA,NA,NA,NA,NA,NA,NA,NA,NA,NA
4554,ipno-,prefisa tecnical,pertinente a dormi,NA,NA,NA,NA,NA,NA,NA,NA,NA,NA,NA,NA,NA,NA,NA,NA,NA,NA,NA
5401,melano-,prefisa tecnical,negra,NA,NA,NA,NA,NA,NA,NA,NA,NA,NA,NA,NA,NA,NA,NA,NA,NA,NA,NA
8008,-sele,sufisa nom medica,inflante,NA,NA,NA,NA,NA,NA,NA,NA,NA,NA,NA,NA,NA,NA,NA,NA,NA,NA,NA
5025,lipo-,prefisa tecnical,gras,NA,NA,NA,NA,NA,NA,NA,NA,NA,NA,NA,NA,NA,NA,NA,NA,NA,NA,NA
4598,-isme,sufisa nom,ajuntada a un nom per nomi un sistem de crede,NA,NA,NA,NA,NA,NA,NA,NA,NA,NA,NA,femisme; otimisme; simbolisme; turisme,NA,NA,NA,NA,NA,NA,NA
9096,-tosia,sufisa nom medica,pari,NA,NA,NA,NA,NA,NA,NA,NA,NA,NA,NA,NA,NA,NA,NA,NA,NA,NA,NA
9666,vis-,prefisa nom,ajuntada a un nom de posto per nomi la suordinada direta seguente,NA,NA,NA,NA,NA,NA,NA,NA,NA,NA,NA,visre,NA,NA,NA,NA,NA,NA,NA
4947,leuco-,prefisa tecnical,blanca,NA,NA,NA,NA,NA,NA,NA,NA,NA,NA,NA,NA,NA,NA,NA,NA,NA,NA,NA
6038,non-,prefisa,ajuntada a un ajetivo per reversa la cualia,NA,NA,NA,NA,NA,Ante N,NA,NA,NA,NA,NA,nonjusta; noncrede; nonesesada,NA,NA,NA,NA,NA,NA,NA
6370,oto-,prefisa tecnical,oto,NA,NA,NA,NA,NA,NA,NA,NA,NA,NA,NA,NA,NA,NA,NA,NA,NA,NA,NA
6482,para-,prefisa tecnical,a un lado de,NA,NA,NA,NA,NA,NA,NA,NA,NA,NA,NA,NA,NA,NA,NA,NA,NA,NA,NA
4614,ister-,prefisa tecnical,utero,NA,NA,NA,NA,NA,NA,NA,NA,NA,NA,NA,NA,NA,NA,NA,NA,NA,NA,NA
4934,-lesia,sufisa nom medica,atacas de la sistem de nervos,NA,NA,NA,NA,NA,NA,NA,NA,NA,NA,NA,NA,NA,NA,NA,NA,NA,NA,NA
8924,tera-,prefisa tecnical,pertinente a la tera,NA,NA,NA,NA,NA,NA,NA,NA,NA,NA,NA,NA,NA,NA,NA,NA,NA,NA,NA
6067,-nte,sufisa ajetivo,ajuntada a un verbo per formi la partisipio ativa,NA,NA,NA,NA,NA,NA,NA,NA,NA,NA,NA,un can dorminte; leje es divertinte,NA,NA,NA,NA,NA,NA,NA
7124,pos-,prefisa,pos,NA,NA,NA,NA,NA,NA,NA,NA,NA,NA,NA,posenebria; posalveolal,NA,NA,NA,NA,NA,NA,NA
9066,topo-,prefisa tecnical,surfas,NA,NA,NA,NA,NA,NA,NA,NA,NA,NA,NA,NA,NA,NA,NA,NA,NA,NA,NA
4326,im-,prefisa,en,NA,NA,NA,NA,NA,NA,NA,NA,NA,NA,NA,NA,NA,NA,NA,NA,NA,NA,NA
6439,pan-,prefisa tecnical,incluinte tota,NA,NA,NA,NA,NA,NA,NA,NA,NA,NA,NA,NA,NA,NA,NA,NA,NA,NA,NA
4238,-ica,sufisa nom,nominte un abitor o lingua de un rejion spesifada,NA,NA,NA,NA,NA,NA,NA,NA,NA,NA,NA,NA,NA,NA,NA,NA,NA,NA,NA
8379,-sofia,sufisa nom,sajia,NA,NA,NA,NA,NA,NA,NA,NA,NA,NA,NA,NA,NA,NA,NA,NA,NA,NA,NA
4594,-iside,sufisa verbo,mata,NA,NA,NA,NA,NA,NA,NA,NA,NA,NA,NA,NA,NA,NA,NA,NA,NA,NA,NA
8130,servo-,prefisa tecnical,servomacina,NA,NA,NA,NA,NA,NA,NA,NA,NA,NA,NA,NA,NA,NA,NA,NA,NA,NA,NA
4599,iso-,prefisa tecnical,egal,NA,NA,NA,NA,NA,NA,NA,NA,NA,NA,NA,NA,NA,NA,NA,NA,NA,NA,NA
4215,-i,sufisa verbo transitiva,ajuntada a un cuanti peti de nomes per formi un verbo transitiva per la ata de emete (un licuida corpal),NA,NA,NA,NA,NA,NA,NA,NA,NA,NA,NA,urini; vomiti sangue,NA,NA,NA,NA,NA,NA,NA
7996,sefalo-,prefisa tecnical,testa,NA,NA,NA,NA,NA,NA,NA,NA,NA,NA,NA,NA,NA,NA,NA,NA,NA,NA,NA
7600,reumato-,prefisa tecnical medica,licuida de corpo,NA,NA,NA,NA,NA,NA,NA,NA,NA,NA,NA,NA,NA,NA,NA,NA,NA,NA,NA
7307,pseudo-,prefisa tecnical,falsa,NA,NA,NA,NA,NA,NA,NA,NA,NA,NA,NA,NA,NA,NA,NA,NA,NA,NA,NA
9028,-tise,sufisa nom medica,sputa,NA,NA,NA,NA,NA,NA,NA,NA,NA,NA,NA,NA,NA,NA,NA,NA,NA,NA,NA
7254,prop-,prefisa tecnical cimica,nominte alcanos e otra idrocarbonos con tre atomes de carbono,NA,NA,NA,NA,NA,NA,NA,NA,NA,NA,NA,NA,NA,NA,NA,NA,NA,NA,NA
8227,sim-,prefisa tecnical,con,NA,NA,NA,NA,NA,NA,NA,NA,NA,NA,NA,NA,NA,NA,NA,NA,NA,NA,NA
5078,logo-,prefisa tecnical,parolas,NA,NA,NA,NA,NA,NA,NA,NA,NA,NA,NA,NA,NA,NA,NA,NA,NA,NA,NA
6798,-pexia,sufisa nom medica siensa-umana,fisa,NA,NA,NA,NA,NA,NA,NA,NA,NA,NA,NA,NA,NA,NA,NA,NA,NA,NA,NA
4044,-graf,sufisa nom util arte matematica,un aparato per scrive o desinia,NA,NA,NA,NA,NA,NA,NA,NA,NA,NA,NA,NA,NA,NA,NA,NA,NA,NA,NA
6816,pico-,prefisa tecnical,{10^-12},NA,NA,NA,NA,NA,NA,NA,NA,NA,NA,NA,NA,NA,NA,NA,NA,NA,NA,NA
4359,in-,prefisa,no,NA,NA,NA,NA,NA,NA,NA,NA,NA,NA,NA,NA,NA,NA,NA,NA,NA,NA,NA
5084,-lojia,sufisa nom,studia,NA,NA,NA,NA,NA,NA,NA,NA,NA,NA,NA,NA,NA,NA,NA,NA,NA,NA,NA
8548,stereo-,prefisa,pertinente a formas solida; pertinente a un efeto o ordina tridimensional,NA,NA,NA,NA,NA,NA,NA,NA,NA,NA,NA,NA,NA,NA,NA,NA,NA,NA,NA
7932,scizo-,prefisa medica siensa-umana,fendeda,NA,NA,NA,NA,NA,NA,NA,NA,NA,NA,NA,NA,NA,NA,NA,NA,NA,NA,NA
5514,-metria,sufisa nom matematica,mesura,NA,NA,NA,NA,NA,NA,NA,NA,NA,NA,NA,NA,NA,NA,NA,NA,NA,NA,NA
5598,mio-,prefisa tecnical,musculos,NA,NA,NA,NA,NA,NA,NA,NA,NA,NA,NA,NA,NA,NA,NA,NA,NA,NA,NA
4520,iper-,prefisa tecnical,supra,NA,NA,NA,NA,NA,NA,NA,NA,NA,NA,NA,NA,NA,NA,NA,NA,NA,NA,NA
7422,-raje,sufisa nom medica,esflue violente,NA,NA,NA,NA,NA,NA,NA,NA,NA,NA,NA,NA,NA,NA,NA,NA,NA,NA,NA
6163,-oma,sufisa nom medica,tumor,NA,NA,NA,NA,NA,NA,NA,NA,NA,NA,NA,NA,NA,NA,NA,NA,NA,NA,NA
4478,intra-,prefisa tecnical,en,NA,NA,NA,NA,NA,NA,NA,NA,NA,NA,NA,NA,NA,NA,NA,NA,NA,NA,NA
4457,inter-,prefisa tecnical,entre,NA,NA,NA,NA,NA,NA,NA,NA,NA,NA,NA,interata,NA,NA,NA,NA,NA,NA,NA
6305,-osa,sufisa ajetivo,plen de o con multe de (un cosa o cualia),NA,NA,NA,NA,NA,NA,NA,NA,NA,NA,NA,zucarosa,NA,NA,NA,NA,NA,NA,NA
9789,xero-,prefisa tecnical,seca,NA,NA,NA,NA,NA,NA,NA,NA,NA,NA,NA,NA,NA,NA,NA,NA,NA,NA,NA
6239,-orafia,sufisa nom medica,suturi,NA,NA,NA,NA,NA,NA,NA,NA,NA,NA,NA,NA,NA,NA,NA,NA,NA,NA,NA
8526,-stase,sufisa nom,restante en loca o state,NA,NA,NA,NA,NA,NA,NA,NA,NA,NA,NA,NA,NA,NA,NA,NA,NA,NA,NA
8533,-stato,sufisa nom util,aparato per mesura,NA,NA,NA,NA,NA,NA,NA,NA,NA,NA,NA,NA,NA,NA,NA,NA,NA,NA,NA
5331,masi-,prefisa tecnical,la plu grande cual es posible,NA,NA,NA,NA,NA,NA,NA,NA,NA,NA,NA,NA,NA,NA,NA,NA,NA,NA,NA
4557,ipo-,prefisa tecnical,su,NA,NA,NA,NA,NA,NA,NA,NA,NA,NA,NA,NA,NA,NA,NA,NA,NA,NA,NA
5389,-megalia,sufisa nom medica,grandia plu ca normal,NA,NA,NA,NA,NA,NA,NA,NA,NA,NA,NA,NA,NA,NA,NA,NA,NA,NA,NA
4315,-il,sufisa nom cimica,un radical cimical,NA,NA,NA,NA,NA,NA,NA,NA,NA,NA,NA,NA,NA,NA,NA,NA,NA,NA,NA
9873,zeta-,prefisa tecnical,{10^21},NA,NA,NA,NA,NA,NA,NA,NA,NA,NA,NA,NA,NA,NA,NA,NA,NA,NA,NA
4240,-ica,sufisa nom cimica,indicante un valentia plu alta,NA,NA,NA,NA,NA,NA,NA,NA,NA,NA,NA,NA,NA,NA,NA,NA,NA,NA,NA
9870,zepto-,prefisa tecnical,{10^-21},NA,NA,NA,NA,NA,NA,NA,NA,NA,NA,NA,NA,NA,NA,NA,NA,NA,NA,NA
7852,sarco-,prefisa tecnical medica biolojia,carne de corpo,NA,NA,NA,NA,NA,NA,NA,NA,NA,NA,NA,NA,NA,NA,NA,NA,NA,NA,NA
6703,per-,prefisa tecnical,tra,NA,NA,NA,NA,NA,NA,NA,NA,NA,NA,NA,NA,NA,NA,NA,NA,NA,NA,NA
9213,-tripsia,sufisa nom medica,crase en sirurjia,NA,NA,NA,NA,NA,NA,NA,NA,NA,NA,NA,NA,NA,NA,NA,NA,NA,NA,NA
4998,limfo-,prefisa tecnical,limfa,NA,NA,NA,NA,NA,NA,NA,NA,NA,NA,NA,NA,NA,NA,NA,NA,NA,NA,NA
8971,tetra-,prefisa tecnical,cuatro,NA,NA,NA,NA,NA,NA,NA,NA,NA,NA,NA,NA,NA,NA,NA,NA,NA,NA,NA
7459,re-,prefisa verbo,ajuntada a un verbo per ajunta la idea `denova`,NA,NA,NA,NA,NA,NA,NA,NA,NA,NA,NA,recomensa,NA,NA,NA,NA,NA,NA,NA
4238,-ica,sufisa ajetivo,ajuntada a un nom jeografial per formi un ajetivo pertinente a la loca,NA,NA,NA,NA,NA,NA,-an,NA,NA,NA,NA,cimrica,NA,NA,NA,NA,NA,NA,NA
5793,multi-,prefisa tecnical,multe o plu ca un,NA,NA,NA,NA,NA,NA,NA,NA,NA,NA,NA,NA,NA,NA,NA,NA,NA,NA,NA
8341,-site,sufisa nom medica biolojia,selula matur,NA,NA,NA,NA,NA,NA,NA,NA,NA,NA,NA,NA,NA,NA,NA,NA,NA,NA,NA
6236,-or,sufisa nom,ajuntada per nomi un person ci fa la ata de un verbo,NA,NA,NA,NA,NA,NA,NA,NA,NA,NA,NA,joglor; xapor; modernor,NA,NA,NA,NA,NA,NA,NA
7396,radio-,prefisa tecnical,radia,NA,NA,NA,NA,NA,NA,NA,NA,NA,NA,NA,NA,NA,NA,NA,NA,NA,NA,NA
6945,pleo-,prefisa tecnical,plu ca normal,NA,NA,NA,NA,NA,NA,NA,NA,NA,NA,NA,NA,NA,NA,NA,NA,NA,NA,NA
4054,-gram,sufisa nom util arte matematica,un produida de un aparato scrivente,NA,NA,NA,NA,NA,NA,NA,NA,NA,NA,NA,NA,NA,NA,NA,NA,NA,NA,NA
6994,poli-,prefisa tecnical,multe,NA,NA,NA,NA,NA,NA,NA,NA,NA,NA,NA,NA,NA,NA,NA,NA,NA,NA,NA
6786,petro-,prefisa,pertinente a petra,NA,NA,NA,NA,NA,NA,NA,NA,NA,NA,NA,NA,NA,NA,NA,NA,NA,NA,NA
9050,-tome,sufisa nom util medica,strumento sirurjial per talia,NA,NA,NA,NA,NA,NA,NA,NA,NA,NA,NA,NA,NA,NA,NA,NA,NA,NA,NA
5484,met-,prefisa tecnical cimica,nominte alcanos e otra idrocarbonos con un atom de carbono,NA,NA,NA,NA,NA,NA,NA,NA,NA,NA,NA,NA,NA,NA,NA,NA,NA,NA,NA
7638,rino-,prefisa tecnical medica,nas,NA,NA,NA,NA,NA,NA,NA,NA,NA,NA,NA,NA,NA,NA,NA,NA,NA,NA,NA
6032,-noide,sufisa ajetivo medica siensa-umana,mente,NA,NA,NA,NA,NA,NA,NA,NA,NA,NA,NA,NA,NA,NA,NA,NA,NA,NA,NA
9176,tri-,prefisa tecnical,tre,NA,NA,NA,NA,NA,NA,NA,NA,NA,NA,NA,NA,NA,NA,NA,NA,NA,NA,NA
8318,sis-,prefisa tecnical,a esta lado de,NA,NA,NA,NA,NA,NA,NA,NA,NA,NA,NA,NA,NA,NA,NA,NA,NA,NA,NA
6198,-ona,sufisa nom cimica,composadas diversa,NA,NA,NA,NA,NA,NA,NA,NA,NA,NA,NA,NA,NA,NA,NA,NA,NA,NA,NA
4229,-iatria,sufisa nom medica siensa-umana,dotores e trata medical,NA,NA,NA,NA,NA,NA,NA,NA,NA,NA,NA,NA,NA,NA,NA,NA,NA,NA,NA
7920,-sce,sufisa ajetivo,ajuntada a un nom jeografial per formi un ajetivo pertinente a la loca,NA,NA,NA,NA,NA,NA,-an,NA,NA,NA,NA,rusce; norsce,NA,NA,NA,NA,NA,NA,NA
114,-aferese,sufisa nom medica,sutrae,NA,NA,NA,NA,NA,NA,NA,NA,NA,NA,NA,NA,NA,NA,NA,NA,NA,NA,NA
6310,-ose,sufisa nom medica,maladia o prosede medical,NA,NA,NA,NA,NA,NA,NA,NA,NA,NA,NA,NA,NA,NA,NA,NA,NA,NA,NA
4755,jino-,prefisa tecnical,fema,NA,NA,NA,NA,NA,NA,NA,NA,NA,NA,NA,NA,NA,NA,NA,NA,NA,NA,NA
8541,-stenose,sufisa nom medica,streti nonormal,NA,NA,NA,NA,NA,NA,NA,NA,NA,NA,NA,NA,NA,NA,NA,NA,NA,NA,NA
6866,piro-,prefisa tecnical,foco,NA,NA,NA,NA,NA,NA,NA,NA,NA,NA,NA,NA,NA,NA,NA,NA,NA,NA,NA
5199,mal-,prefisa,ajuntada a un verbo per formi un verbo per un ata plu mal,NA,NA,NA,NA,NA,NA,NA,NA,NA,NA,NA,malodori; maldise,NA,NA,NA,NA,NA,NA,NA
7154,pre-,prefisa,ante,NA,NA,NA,NA,NA,NA,NA,NA,NA,NA,NA,previde,NA,NA,NA,NA,NA,NA,NA
8196,-side,sufisa nom,mata,NA,NA,NA,NA,NA,NA,NA,NA,NA,NA,NA,NA,NA,NA,NA,NA,NA,NA,NA
6172,omeo-,prefisa tecnical,la mesma,NA,NA,NA,NA,NA,NA,NA,NA,NA,NA,NA,NA,NA,NA,NA,NA,NA,NA,NA
5049,-lito,sufisa nom tecnical,petra,NA,NA,NA,NA,NA,NA,NA,NA,NA,NA,NA,NA,NA,NA,NA,NA,NA,NA,NA
4415,infra-,prefisa tecnical,su,NA,NA,NA,NA,NA,NA,NA,NA,NA,NA,NA,NA,NA,NA,NA,NA,NA,NA,NA
9296,turbo-,prefisa util,pertinente a la funsiona de un turbo,NA,NA,NA,NA,NA,NA,NA,NA,NA,NA,NA,NA,NA,NA,NA,NA,NA,NA,NA
9122,trans-,prefisa tecnical,tra,NA,NA,NA,NA,NA,NA,NA,NA,NA,NA,NA,NA,NA,NA,NA,NA,NA,NA,NA
5152,macro-,prefisa tecnical,grande,NA,NA,NA,NA,NA,NA,NA,NA,NA,NA,NA,NA,NA,NA,NA,NA,NA,NA,NA
8819,tasi-,prefisa tecnical,posa,NA,NA,NA,NA,NA,NA,NA,NA,NA,NA,NA,NA,NA,NA,NA,NA,NA,NA,NA
6774,peta-,prefisa tecnical,{10^15},NA,NA,NA,NA,NA,NA,NA,NA,NA,NA,NA,NA,NA,NA,NA,NA,NA,NA,NA
5581,mini-,prefisa tecnical,la plu peti cual es posible,NA,NA,NA,NA,NA,NA,NA,NA,NA,NA,NA,NA,NA,NA,NA,NA,NA,NA,NA
4305,-ifer,sufisa nom biolojia,produinte,NA,NA,NA,NA,NA,NA,NA,NA,NA,NA,NA,NA,NA,NA,NA,NA,NA,NA,NA
6294,orto-,prefisa tecnical,reta,NA,NA,NA,NA,NA,NA,NA,NA,NA,NA,NA,NA,NA,NA,NA,NA,NA,NA,NA
5965,neuro-,prefisa tecnical biolojia,sistem de nervos,NA,NA,NA,NA,NA,NA,NA,NA,NA,NA,NA,NA,NA,NA,NA,NA,NA,NA,NA
8431,sosio-,prefisa tecnical,pertinente a sosia,NA,NA,NA,NA,NA,NA,NA,NA,NA,NA,NA,NA,NA,NA,NA,NA,NA,NA,NA
7596,retro-,prefisa,a retro,NA,NA,NA,NA,NA,NA,NA,NA,NA,NA,NA,retrosede,NA,NA,NA,NA,NA,NA,NA
6919,-plastia,sufisa nom medica,sirurjia reconstruinte,NA,NA,NA,NA,NA,NA,NA,NA,NA,NA,NA,NA,NA,NA,NA,NA,NA,NA,NA
7336,ptero-,prefisa tecnical,con forma de ala,NA,NA,NA,NA,NA,NA,NA,NA,NA,NA,NA,NA,NA,NA,NA,NA,NA,NA,NA
5530,micro-,prefisa tecnical,peti; {10^-6},NA,NA,NA,NA,NA,NA,NA,NA,NA,NA,NA,NA,NA,NA,NA,NA,NA,NA,NA
5558,mili-,prefisa tecnical,un mili de,NA,NA,NA,NA,NA,NA,NA,NA,NA,NA,NA,NA,NA,NA,NA,NA,NA,NA,NA
6973,pneumato-,prefisa tecnical,aira,NA,NA,NA,NA,NA,NA,NA,NA,NA,NA,NA,NA,NA,NA,NA,NA,NA,NA,NA
6370,oti-,prefisa tecnical,un oti de,NA,NA,NA,NA,NA,NA,NA,NA,NA,NA,NA,NA,NA,NA,NA,NA,NA,NA,NA
5471,meso-,prefisa tecnical,media,NA,NA,NA,NA,NA,NA,NA,NA,NA,NA,NA,NA,NA,NA,NA,NA,NA,NA,NA
4219,-ia,sufisa nom medica,maladia,NA,NA,NA,NA,NA,NA,NA,NA,NA,NA,NA,NA,NA,NA,NA,NA,NA,NA,NA
6215,onto-,prefisa tecnical,esiste o sustantia,NA,NA,NA,NA,NA,NA,NA,NA,NA,NA,NA,NA,NA,NA,NA,NA,NA,NA,NA
5039,-lisica,sufisa ajetivo medica,desintegra de un selula,NA,NA,NA,NA,NA,NA,NA,NA,NA,NA,NA,NA,NA,NA,NA,NA,NA,NA,NA
6984,-poiese,sufisa nom medica,formi,NA,NA,NA,NA,NA,NA,NA,NA,NA,NA,NA,NA,NA,NA,NA,NA,NA,NA,NA
4500,iocto-,prefisa tecnical,{10^-24},NA,NA,NA,NA,NA,NA,NA,NA,NA,NA,NA,NA,NA,NA,NA,NA,NA,NA,NA
9095,-tose,sufisa nom medica,pendente; prolaso,NA,NA,NA,NA,NA,NA,NA,NA,NA,NA,NA,NA,NA,NA,NA,NA,NA,NA,NA
6676,-penia,sufisa nom medica,manca de un cosa esensal,NA,NA,NA,NA,NA,NA,NA,NA,NA,NA,NA,NA,NA,NA,NA,NA,NA,NA,NA
5513,-metre,sufisa nom util,util o aparato de mesura,NA,NA,NA,NA,NA,NA,NA,NA,NA,NA,NA,NA,NA,NA,NA,NA,NA,NA,NA
6234,-opsia,sufisa nom medica,prosede de esamina,NA,NA,NA,NA,NA,NA,NA,NA,NA,NA,NA,NA,NA,NA,NA,NA,NA,NA,NA
4214,-i,sufisa verbo transitiva,ajuntada a un nom per formi un verbo transitiva per la ata de usa (un util) o aplica (un materia),NA,NA,NA,NA,NA,NA,NA,NA,NA,NA,NA,el botoni sua jacon; me va telefoni la detalias a tu; on ia pinti la mur; me va buri la pan,NA,NA,NA,NA,NA,NA,NA
6656,pedo-,prefisa tecnical,enfantes,NA,NA,NA,NA,NA,NA,NA,NA,NA,NA,NA,NA,NA,NA,NA,NA,NA,NA,NA
6974,pneumo-,prefisa tecnical,aira,NA,NA,NA,NA,NA,NA,NA,NA,NA,NA,NA,NA,NA,NA,NA,NA,NA,NA,NA
6615,-patia,sufisa nom medica,dole o otra state medical,NA,NA,NA,NA,NA,NA,NA,NA,NA,NA,NA,NA,NA,NA,NA,NA,NA,NA,NA
7064,-porose,sufisa nom medica,porosa,NA,NA,NA,NA,NA,NA,NA,NA,NA,NA,NA,NA,NA,NA,NA,NA,NA,NA,NA
5938,neo-,prefisa tecnical,nova,NA,NA,NA,NA,NA,NA,NA,NA,NA,NA,NA,NA,NA,NA,NA,NA,NA,NA,NA
8946,termo-,prefisa tecnical,caldia,NA,NA,NA,NA,NA,NA,NA,NA,NA,NA,NA,NA,NA,NA,NA,NA,NA,NA,NA
6684,penta-,prefisa tecnical,sinco,NA,NA,NA,NA,NA,NA,NA,NA,NA,NA,NA,NA,NA,NA,NA,NA,NA,NA,NA
6620,pato-,prefisa tecnical,maladia,NA,NA,NA,NA,NA,NA,NA,NA,NA,NA,NA,NA,NA,NA,NA,NA,NA,NA,NA
6134,-oide,sufisa ajetivo biolojia medica,con forma de,NA,NA,NA,NA,NA,NA,NA,NA,NA,NA,NA,NA,NA,NA,NA,NA,NA,NA,NA
4269,idro-,prefisa tecnical,acua,NA,NA,NA,NA,NA,NA,NA,NA,NA,NA,NA,NA,NA,NA,NA,NA,NA,NA,NA
7612,-rexe,sufisa nom medica,creve,NA,NA,NA,NA,NA,NA,NA,NA,NA,NA,NA,NA,NA,NA,NA,NA,NA,NA,NA
4262,-ido,sufisa nom cimica,un composada de sal,NA,NA,NA,NA,NA,NA,NA,NA,NA,NA,NA,NA,NA,NA,NA,NA,NA,NA,NA
